Bus Route,Delay Notice Time,Delay End Notice Time,Time Delayed,Notes,,Bus Route,Delay Notice Time,Notes
55,"October 13, 2025 at 8:07 PM","October 13, 2025 at 9:13 PM",1:06,Reroute due to fire department activity; southbound buses not affected,,67,"October 17, 2025 at 9:42 PM",Reroute due to blockage
79,"October 14, 2025 at 4:33 AM","October 14, 2025 at 5:40 AM",1:07,Reroute due to blockage,,9,"October 20, 2025 at 8:14 AM",Reroute due to blockage; northbound buses not affected
71,"October 14, 2025 at 7:44 AM","October 14, 2025 at 8:53 AM",1:09,Reroute due to blockage; southbound buses not affected,,X9,"October 20, 2025 at 8:14 AM",Reroute due to blockage; northbound buses not affected
86,"October 14, 2025 at 10:05 AM","October 14, 2025 at 1:47 PM",3:42,Reroute due to blockage; southbound buses not affected,,48,"October 20, 2025 at 10:35 AM",Reroute due to blockage
34,"October 14, 2025 at 4:35 PM","October 14, 2025 at 5:50 PM",1:15,Reroute due to blockage,,75,"October 20, 2025 at 3:21 PM",Reroute due to blockage; westbound buses not affected
119,"October 14, 2025 at 11:19 PM","October 16, 2025 at 4:45 AM",29:26,Reroute due to blockage,,66,"October 21, 2025 at 9:57 AM",Reroute due to blockage
67,"October 15, 2025 at 8:57 AM","October 16, 2025 at 4:47 AM",19:50,Reroute due to blockage; eastbound buses not affected,,9,"October 26, 2025 at 11:30 PM",Reroute due to blockage; northbound buses not affected
8A,"October 15, 2025 at 10:21 AM","October 15, 2025 at 2:03 PM",3:42,Reroute due to blockage; northbound buses not affected,,71,"October 30, 2025 at 9:24 AM",Reroute due to blockage; southbound buses not affected
146,"October 15, 2025 at 10:37 PM","October 16, 2025 at 12:57 AM",2:20,Reroute due to blockage; northbound buses not affected,,172,"October 31, 2025 at 2:45 PM",Reroute due to blockage; northbound buses not affected
63,"October 16, 2025 at 4:20 AM","October 16, 2025 at 4:54 AM",0:34,Reroute due to blockage; eastbound buses not affected,,22,"October 31, 2025 at 4:50 PM",Reroute due to police activity
34,"October 17, 2025 at 5:55 AM","October 17, 2025 at 8:04 AM",2:09,Reroute due to blockage; southbound buses not affected,,60,"November 1, 2025 at 9:14 PM",Reroute due to blockage
63,"October 17, 2025 at 6:11 AM","October 17, 2025 at 6:43 AM",0:32,Reroute due to blockage,,26,"November 4, 2025 at 1:40 PM",Reroute due to blockage
70,"October 17, 2025 at 6:28 AM","October 17, 2025 at 8:32 AM",2:04,"Reroute due to blockage, westbound buses not affected",,8,"November 4, 2025 at 5:59 PM",Reroute due to blockage
36,"October 17, 2025 at 6:29 AM","October 17, 2025 at 8:32 AM",2:03,Reroute due to police activity,,192,"November 10, 2025 at 3:58 AM",Reroute due to severe weather conditions; northbound buses not affected
6,"October 17, 2025 at 12:34 PM","October 17, 2025 at 8:32 PM",7:58,"Reroute due to blockage, northbound buses not affected",,47,"November 14, 2025 at 11:01 PM",Reroute due to blockage
66,"October 17, 2025 at 2:54 PM","October 18, 2025 at 1:59 AM",11:05,Reroute due to blockage,,50,"November 15, 2025 at 7:53 AM",Reroute due to blockage; northbound buses not affected
9,"October 17, 2025 at 5:01 PM","October 17, 2025 at 7:53 PM",2:52,Reroute due to blockage; northbound buses not affected,,6,"November 18, 2025 at 2:01 AM",Reroute due to blockage
63,"October 17, 2025 at 6:03 PM","October 18, 2025 at 3:37 AM",9:34,Reroute due to fire department activity,,26,"November 18, 2025 at 2:01 AM",Reroute due to blockage
31,"October 17, 2025 at 7:26 PM","October 17, 2025 at 8:55 PM",1:29,Reroute due to blockage; westbound buses not affected,,71,"November 18, 2025 at 2:03 AM",Reroute due to blockage
24,"October 17, 2025 at 7:31 PM","October 17, 2025 at 8:55 PM",1:24,Reroute due to blockage; northbound buses not affected,,108,"November 20, 2025 at 8:25 AM",Reroute due to blockage; southbound buses not affected
75,"October 17, 2025 at 10:38 PM","October 18, 2025 at 2:00 AM",3:22,Reroute due to blockage,,147,"November 22, 2025 at 6:03 PM",Reroute due to a festival
53,"October 18, 2025 at 2:07 AM","October 18, 2025 at 3:35 AM",1:28,Reroute due to fire department activity,,28,"November 25, 2025 at 9:33 PM",Reroute due to police activity
50,"October 18, 2025 at 11:58 AM","October 18, 2025 at 6:01 PM",6:03,Reroute due to blockage; southbound buses not affected,,4,"November 30, 2025 at 6:12 PM",Reroute due to police activity; northbound buses not affected
63,"October 18, 2025 at 12:08 PM","October 18, 2025 at 9:03 PM",8:55,Reroute due to blockage,,52A,"December 22, 2025 at 6:44 AM",Reroute due to blockage
201,"October 18, 2025 at 12:15 PM","October 18, 2025 at 5:55 PM",5:40,Reroute due to a parade/festival; northbound buses not affected,,53A,"December 22, 2025 at 6:44 AM",Reroute due to blockage
126,"October 18, 2025 at 2:17 PM","October 18, 2025 at 4:03 PM",1:46,Reroute due to fire department activity,,112,"December 22, 2025 at 6:44 AM",Reroute due to blockage
20,"October 18, 2025 at 3:22 PM","October 18, 2025 at 9:07 PM",5:45,Reroute due to a parade; westbound buses not affected,,93,"December 22, 2025 at 9:51 AM",Reroute due to blockage
56,"October 18, 2025 at 3:22 PM","October 18, 2025 at 9:07 PM",5:45,Reroute due to a parade; westbound buses not affected,,70,"December 22, 2025 at 7:12 PM",Reroute due to blockage; eastbound buses not affected
60,"October 18, 2025 at 3:22 PM","October 18, 2025 at 9:07 PM",5:45,Reroute due to a parade; westbound buses not affected,,15,"December 28, 2025 at 11:50 AM",Reroute due to blockage
124,"October 18, 2025 at 3:24 PM","October 18, 2025 at 9:10 PM",5:46,Reroute due to a parade; westbound buses not affected,,4,"December 28, 2025 at 12:06 PM",Reroute due to blockage
J14,"October 18, 2025 at 3:35 PM","October 18, 2025 at 9:12 PM",5:37,Reroute due to a parade,,115,"December 28, 2025 at 12:09 PM",Reroute due to blockage
67,"October 18, 2025 at 4:08 PM","October 19, 2025 at 2:53 PM",22:45,Reroute due to blockage; eastbound buses not affected,,70,"December 28, 2025 at 2:14 PM",Reroute due to blockage
9,"October 19, 2025 at 3:11 AM","October 19, 2025 at 3:00 PM",11:49,Reroute due to blockage,,72,"January 4, 2026 at 9:16 PM",Reroute due to fire department activity
47,"October 19, 2025 at 6:08 AM","October 19, 2025 at 8:59 AM",2:51,Reroute due to blockage,,75,"January 5, 2026 at 10:01 AM",Reroute due to blockage; eastbound buses not affected
15,"October 19, 2025 at 6:11 AM","October 19, 2025 at 9:00 AM",2:49,Reroute due to blockage,,94,"January 5, 2026 at 11:20 AM",Reroute due to blockage
43,"October 19, 2025 at 8:00 AM","October 19, 2025 at 9:02 AM",1:02,Reroute due to blockage,,30,"January 5, 2026 at 11:42 AM",Reroute due to blockage; southbound buses not affected
51,"October 19, 2025 at 8:02 AM","October 19, 2025 at 9:03 AM",1:01,Reroute due to blockage,,86,"January 6, 2026 at 12:22 PM",Reroute due to blockage
91,"October 19, 2025 at 8:05 AM","October 19, 2025 at 12:15 PM",4:10,Reroute due to marathon/race,,75,"January 6, 2026 at 3:17 PM",Reroute due to blockage; eastbound buses not affected
20,"October 19, 2025 at 9:30 AM","October 19, 2025 at 2:57 PM",5:27,Reroute due to blockage; eastbound buses not affected,,151,"January 8, 2026 at 11:15 AM",Reroute due to blockage; southbound buses not affected
55,"October 20, 2025 at 3:42 AM","October 20, 2025 at 6:53 AM",3:11,Reroute due to blockage; eastbound buses not affected,,47,"January 8, 2026 at 12:35 PM",Reroute due to blockage; westbound buses not affected
47,"October 20, 2025 at 10:35 AM","October 21, 2025 at 12:58 PM",26:23,Reroute due to blockage,,39,"January 8, 2026 at 7:40 PM",Reroute due to blockage
55,"October 20, 2025 at 10:48 PM","October 21, 2025 at 5:36 AM",6:48,Reroute due to blockage,,49,"January 9, 2026 at 5:07 AM",Reroute due to flooding
82,"October 21, 2025 at 5:41 AM","October 21, 2025 at 6:38 AM",0:57,Reroute due to blockage,,44,"January 9, 2026 at 6:23 AM",Reroute due to flooding
18,"October 21, 2025 at 8:28 AM","October 21, 2025 at 8:53 AM",0:25,Reroute due to blockage,,,,
34,"October 21, 2025 at 9:46 AM","October 21, 2025 at 12:59 PM",3:13,Reroute due to blockage,,,,
119,"October 21, 2025 at 9:46 AM","October 21, 2025 at 12:59 PM",3:13,Reroute due to blockage,,,,
24,"October 21, 2025 at 2:55 PM","October 21, 2025 at 8:30 PM",5:35,Reroute due to blockage,,,,
67,"October 21, 2025 at 8:53 PM","October 21, 2025 at 8:59 PM",0:06,Reroute due to blockage; westbound buses not affected,,,,
52,"October 22, 2025 at 5:39 AM","October 22, 2025 at 9:44 AM",4:05,Reroute due to blockage,,,,
34,"October 22, 2025 at 9:42 AM","October 22, 2025 at 8:35 PM",10:53,Reroute due to blockage,,,,
119,"October 22, 2025 at 9:42 AM","October 22, 2025 at 8:35 PM",10:53,Reroute due to blockage,,,,
35,"October 22, 2025 at 8:21 PM","October 22, 2025 at 10:15 PM",1:54,Reroute due to police activity,,,,
4,"October 22, 2025 at 8:25 PM","October 22, 2025 at 10:25 PM",2:00,Reroute due to police activity,,,,
47,"October 23, 2025 at 7:19 AM","October 23, 2025 at 8:23 AM",1:04,Reroute due to blockage,,,,
54B,"October 23, 2025 at 7:19 AM","October 23, 2025 at 8:23 AM",1:04,Reroute due to blockage,,,,
62H,"October 23, 2025 at 7:19 AM","October 23, 2025 at 8:23 AM",1:04,Reroute due to blockage,,,,
115,"October 23, 2025 at 9:10 AM","October 23, 2025 at 11:13 PM",14:03,Reroute due to blockage,,,,
71,"October 23, 2025 at 9:50 AM","October 23, 2025 at 6:27 PM",8:37,Reroute due to blockage; southbound buses not affected,,,,
60,"October 23, 2025 at 10:58 AM","October 23, 2025 at 6:15 PM",7:17,Reroute due to blockage,,,,
124,"October 23, 2025 at 12:48 PM","October 23, 2025 at 11:18 PM",10:30,Reroute due to blockage; northbound buses not affected,,,,
3,"October 24, 2025 at 8:49 AM","October 24, 2025 at 8:59 PM",12:10,Reroute due to blockage; southbound buses not affected,,,,
50,"October 24, 2025 at 12:15 PM","October 24, 2025 at 8:29 PM",8:14,Reroute due to blockage; southbound buses not affected,,,,
72,"October 24, 2025 at 5:37 PM","October 25, 2025 at 5:20 AM",11:43,Reroute due to blockage; eastbound buses not affected,,,,
115,"October 24, 2025 at 8:24 PM","October 25, 2025 at 5:22 AM",8:58,Reroute due to blockage,,,,
70,"October 25, 2025 at 6:16 AM","October 25, 2025 at 3:49 PM",9:33,Reroute due to police activity,,,,
62,"October 25, 2025 at 11:11 AM","October 25, 2025 at 11:53 AM",0:42,Reroute due to a parade,,,,
62H,"October 25, 2025 at 11:11 AM","October 25, 2025 at 11:53 AM",0:42,Reroute due to a parade,,,,
55N,"October 25, 2025 at 11:13 AM","October 25, 2025 at 11:54 AM",0:41,Reroute due to a parade,,,,
60,"October 25, 2025 at 1:31 PM","October 25, 2025 at 3:07 PM",1:36,Reroute due to blockage,,,,
111,"October 25, 2025 at 1:55 PM","October 25, 2025 at 11:23 PM",9:28,Reroute due to blockage,,,,
85,"October 25, 2025 at 3:28 PM","October 25, 2025 at 7:56 PM",4:28,Reroute due to blockage,,,,
57,"October 25, 2025 at 4:53 PM","October 26, 2025 at 4:05 AM",11:12,Reroute due to blockage; southbound buses not affected,,,,
73,"October 25, 2025 at 4:59 PM","October 26, 2025 at 4:19 AM",11:20,Reroute due to blockage; eastbound buses not affected,,,,
79,"October 26, 2025 at 11:12 AM","October 26, 2025 at 3:05 PM",3:53,Reroute due to police activity,,,,
44,"October 27, 2025 at 9:47 AM","October 28, 2025 at 12:27 AM",14:40,Reroute due to blockage; northbound buses not affected,,,,
75,"October 27, 2025 at 9:50 AM","October 28, 2025 at 12:23 AM",14:33,Reroute due to blockage; eastbound buses not affected,,,,
71,"October 27, 2025 at 12:09 PM","October 27, 2025 at 1:16 PM",1:07,Reroute due to blockage; southbound buses not affected,,,,
94,"October 27, 2025 at 2:46 PM","October 27, 2025 at 3:17 PM",0:31,Reroute due to fire department activity,,,,
91,"October 27, 2025 at 4:25 PM","October 28, 2025 at 12:30 AM",8:05,Reroute due to blockage; northbound buses not affected,,,,
24,"October 27, 2025 at 5:53 PM","October 27, 2025 at 8:29 PM",2:36,Reroute due to police activity,,,,
56,"October 28, 2025 at 9:20 AM","October 28, 2025 at 8:47 PM",11:27,Reroute due to blockage,,,,
60,"October 28, 2025 at 1:08 PM","October 28, 2025 at 3:51 PM",2:43,Reroute due to blockage,,,,
65,"October 28, 2025 at 2:08 PM","October 28, 2025 at 8:31 PM",6:23,Reroute due to blockage; westbound buses not affected,,,,
24,"October 30, 2025 at 8:53 AM","October 30, 2025 at 6:13 PM",9:20,Reroute due to blockage,,,,
66,"October 30, 2025 at 9:44 AM","October 30, 2025 at 9:59 AM",0:15,Reroute due to blockage; westbound buses not affected,,,,
75,"November 1, 2025 at 6:46 AM","November 1, 2025 at 8:35 AM",1:49,Reroute due to fire department activity,,,,
6,"November 1, 2025 at 7:12 AM","November 1, 2025 at 9:00 AM",1:48,Reroute due to blockage,,,,
6,"November 1, 2025 at 12:40 PM","November 1, 2025 at 3:56 PM",3:16,Reroute due to blockage,,,,
66,"November 1, 2025 at 12:55 PM","November 1, 2025 at 5:35 PM",4:40,Reroute due to blockage,,,,
115,"November 1, 2025 at 5:11 PM","November 1, 2025 at 9:17 PM",4:06,Reroute due to blockage,,,,
94,"November 2, 2025 at 8:23 PM","November 3, 2025 at 12:39 AM",4:16,Reroute due to blockage,,,,
35,"November 2, 2025 at 10:12 PM","November 3, 2025 at 12:07 AM",1:55,Reroute due to blockage,,,,
81W,"November 3, 2025 at 11:06 AM","November 3, 2025 at 12:34 PM",1:28,Reroute due to blockage,,,,
56,"November 4, 2025 at 11:47 AM","November 4, 2025 at 8:34 PM",8:47,Reroute due to blockage,,,,
87,"November 4, 2025 at 12:58 PM","November 5, 2025 at 4:11 AM",15:13,Reroute due to blockage,,,,
44,"November 4, 2025 at 5:59 PM","November 5, 2025 at 3:50 PM",21:51,Reroute due to blockage,,,,
20,"November 4, 2025 at 7:13 PM","November 4, 2025 at 8:36 PM",1:23,Reroute due to blockage; westbound buses not affected,,,,
54,"November 4, 2025 at 7:54 PM","November 5, 2025 at 5:31 AM",9:37,Reroute due to blockage,,,,
20,"November 4, 2025 at 8:43 PM","November 4, 2025 at 9:27 PM",0:44,Reroute due to blockage,,,,
8,"November 5, 2025 at 1:09 AM","November 5, 2025 at 3:46 AM",2:37,Reroute due to fire department activity; northbound buses not affected,,,,
8,"November 5, 2025 at 4:57 AM","November 5, 2025 at 6:59 AM",2:02,Reroute due to fire department activity; northbound buses not affected,,,,
91,"November 5, 2025 at 10:16 AM","November 5, 2025 at 3:45 PM",5:29,Reroute due to blockage; northbound buses not affected,,,,
8,"November 5, 2025 at 11:33 AM","November 5, 2025 at 3:50 PM",4:17,Reroute due to fire department activity,,,,
8,"November 6, 2025 at 9:19 AM","November 7, 2025 at 4:32 PM",31:13,Reroute due to construction; northbound buses not affected,,,,
44,"November 6, 2025 at 9:22 AM","November 7, 2025 at 12:28 AM",15:06,Reroute due to construction; northbound buses not affected,,,,
8A,"November 6, 2025 at 11:20 AM","November 6, 2025 at 11:32 AM",0:12,Reroute due to blockage,,,,
12,"November 6, 2025 at 2:39 PM","November 6, 2025 at 7:09 PM",4:30,Reroute due to blockage; westbound buses not affected,,,,
44,"November 6, 2025 at 10:22 PM","November 7, 2025 at 4:31 PM",18:09,Reroute due to blockage,,,,
59,"November 7, 2025 at 10:52 AM","November 7, 2025 at 12:03 PM",1:11,Reroute; eastbound buses not affected,,,,
87,"November 7, 2025 at 3:55 PM","November 7, 2025 at 5:26 PM",1:31,Reroute due to blockage; eastbound buses not affected,,,,
85,"November 7, 2025 at 4:47 PM","November 8, 2025 at 8:43 AM",15:56,Reroute due to police activity,,,,
126,"November 7, 2025 at 4:53 PM","November 8, 2025 at 8:44 AM",15:51,Reroute due to police activity,,,,
54,"November 7, 2025 at 5:08 PM","November 7, 2025 at 10:19 PM",5:11,Reroute due to blockage,,,,
66,"November 7, 2025 at 5:10 PM","November 7, 2025 at 10:19 PM",5:09,Reroute due to blockage,,,,
87,"November 7, 2025 at 6:56 PM","November 7, 2025 at 7:16 PM",0:20,Reroute due to blockage; westbound buses not affected,,,,
52,"November 8, 2025 at 12:58 PM","November 8, 2025 at 2:03 PM",1:05,Reroute due to blockage,,,,
60,"November 8, 2025 at 6:44 PM","November 8, 2025 at 10:41 PM",3:57,Reroute due to blockage,,,,
J14,"November 8, 2025 at 6:49 PM","November 8, 2025 at 7:34 PM",0:45,Reroute due to blockage; northbound buses not affected,,,,
112,"November 8, 2025 at 11:15 PM","November 9, 2025 at 2:49 AM",3:34,Reroute due to police activity; westbound buses not affected,,,,
95,"November 8, 2025 at 11:15 PM","November 9, 2025 at 2:49 AM",3:34,Reroute due to police activity; westbound buses not affected,,,,
8A,"November 9, 2025 at 12:30 AM","November 9, 2025 at 1:16 AM",0:46,Reroute due to police activity; northbound buses not affected,,,,
9,"November 9, 2025 at 2:44 AM","November 9, 2025 at 8:25 AM",5:41,Reroute due to police activity; southbound buses not affected,,,,
79,"November 9, 2025 at 9:45 PM","November 10, 2025 at 5:08 PM",19:23,Reroute due to police activity,,,,
6,"November 9, 2025 at 10:04 PM","November 10, 2025 at 7:23 PM",21:19,Reroute due to severe weather conditions,,,,
J14,"November 9, 2025 at 10:20 PM","November 10, 2025 at 6:03 PM",19:43,Reroute due to severe weather conditions,,,,
147,"November 9, 2025 at 10:32 PM","November 10, 2025 at 5:36 PM",19:04,Reroute due to severe weather conditions,,,,
151,"November 9, 2025 at 10:41 PM","November 10, 2025 at 5:42 PM",19:01,Reroute due to severe weather conditions,,,,
35,"November 9, 2025 at 11:43 PM","November 10, 2025 at 1:16 AM",1:33,Reroute due to fire department activity,,,,
4,"November 9, 2025 at 11:43 PM","November 10, 2025 at 1:17 AM",1:34,Reroute due to fire department activity,,,,
12,"November 10, 2025 at 1:25 AM","November 10, 2025 at 7:37 PM",18:12,Reroute due to blockage,,,,
2,"November 10, 2025 at 2:24 AM","November 10, 2025 at 7:20 PM",16:56,Reroute due to severe weather conditions,,,,
28,"November 10, 2025 at 2:36 AM","November 10, 2025 at 7:23 PM",16:47,Reroute due to severe weather conditions,,,,
26,"November 10, 2025 at 2:44 AM","November 10, 2025 at 6:03 PM",15:19,Reroute due to severe weather conditions,,,,
134,"November 10, 2025 at 2:55 AM","November 10, 2025 at 5:48 PM",14:53,Reroute due to severe weather conditions,,,,
135,"November 10, 2025 at 2:59 AM","November 10, 2025 at 5:50 PM",14:51,Reroute due to severe weather conditions,,,,
136,"November 10, 2025 at 3:12 AM","November 10, 2025 at 5:56 PM",14:44,Reroute due to severe weather conditions,,,,
143,"November 10, 2025 at 3:31 AM","November 10, 2025 at 5:58 PM",14:27,Reroute due to severe weather conditions,,,,
146,"November 10, 2025 at 3:40 AM","November 10, 2025 at 5:32 PM",13:52,Reroute due to severe weather conditions,,,,
148,"November 10, 2025 at 3:44 AM","November 10, 2025 at 5:40 PM",13:56,Reroute due to severe weather conditions,,,,
156,"November 10, 2025 at 3:50 AM","November 10, 2025 at 5:27 PM",13:37,Reroute due to severe weather conditions,,,,
8,"November 10, 2025 at 7:17 PM","November 10, 2025 at 7:49 PM",0:32,Reroute due to blockage,,,,
79,"November 10, 2025 at 7:45 PM","November 10, 2025 at 10:21 PM",2:36,Reroute due to police activity; westbound buses not affected,,,,
8,"November 11, 2025 at 8:45 AM","November 11, 2025 at 11:33 AM",2:48,Reroute due to blockage; southbound buses not affected,,,,
12,"November 11, 2025 at 5:43 PM","November 11, 2025 at 6:20 PM",0:37,Reroute due to police activity; eastbound buses not affected,,,,
34,"November 12, 2025 at 3:09 AM","November 12, 2025 at 3:33 AM",0:24,Reroute due to fire department activity,,,,
9,"November 12, 2025 at 7:31 AM","November 12, 2025 at 7:58 AM",0:27,Reroute due to a festival,,,,
X9,"November 12, 2025 at 7:31 AM","November 12, 2025 at 7:58 AM",0:27,Reroute due to a festival,,,,
50,"November 12, 2025 at 9:11 AM","November 12, 2025 at 8:06 PM",10:55,Reroute due to blockage,,,,
135,"November 12, 2025 at 12:37 PM","November 12, 2025 at 3:40 PM",3:03,Reroute due to blockage,,,,
146,"November 12, 2025 at 12:37 PM","November 12, 2025 at 3:40 PM",3:03,Reroute due to blockage,,,,
151,"November 12, 2025 at 12:37 PM","November 12, 2025 at 3:40 PM",3:03,Reroute due to blockage,,,,
6,"November 12, 2025 at 12:43 PM","November 12, 2025 at 2:17 PM",1:34,Reroute due to blockage,,,,
26,"November 12, 2025 at 12:43 PM","November 12, 2025 at 2:17 PM",1:34,Reroute due to blockage,,,,
71,"November 12, 2025 at 12:47 PM","November 12, 2025 at 2:09 PM",1:22,Reroute due to blockage,,,,
92,"November 12, 2025 at 12:51 PM","November 12, 2025 at 8:54 PM",8:03,Reroute due to blockage; eastbound buses not affected,,,,
71,"November 12, 2025 at 7:21 PM","November 12, 2025 at 8:08 PM",0:47,Reroute due to blockage,,,,
112,"November 13, 2025 at 5:39 AM","November 13, 2025 at 6:12 AM",0:33,Reroute due to fire department activity,,,,
49,"November 13, 2025 at 4:45 PM","November 13, 2025 at 5:46 PM",1:01,Reroute due to blockage; southbound buses not affected,,,,
X49,"November 13, 2025 at 4:45 PM","November 13, 2025 at 5:46 PM",1:01,Reroute due to blockage; southbound buses not affected,,,,
92,"November 14, 2025 at 9:11 AM","November 15, 2025 at 4:49 AM",19:38,Reroute due to blockage; eastbound buses not affected,,,,
79,"November 14, 2025 at 9:40 AM","November 14, 2025 at 11:45 AM",2:05,Reroute due to police activity,,,,
35,"November 14, 2025 at 10:18 AM","November 14, 2025 at 2:40 PM",4:22,Reroute due to construction,,,,
91,"November 14, 2025 at 2:50 PM","November 14, 2025 at 3:41 PM",0:51,Reroute due to blockage,,,,
82,"November 14, 2025 at 4:38 PM","November 14, 2025 at 5:51 PM",1:13,Reroute due to blockage; northbound buses not affected,,,,
6,"November 15, 2025 at 10:33 AM","November 15, 2025 at 11:03 AM",0:30,Reroute due to an accident; northbound buses not affected,,,,
28,"November 15, 2025 at 10:34 AM","November 15, 2025 at 11:02 AM",0:28,Reroute due to an accident; northbound buses not affected,,,,
9,"November 15, 2025 at 8:48 PM","November 15, 2025 at 9:10 PM",0:22,Reroute due to blockage; northbound buses not affected,,,,
49B,"November 16, 2025 at 5:30 AM","November 16, 2025 at 10:38 AM",5:08,Reroute due to blockage,,,,
94,"November 16, 2025 at 8:07 PM","November 17, 2025 at 12:12 AM",4:05,Reroute due to police activity,,,,
20,"November 16, 2025 at 8:13 PM","November 16, 2025 at 9:42 PM",1:29,Reroute due to police activity,,,,
94,"November 17, 2025 at 7:21 AM","November 17, 2025 at 9:04 AM",1:43,Reroute due to blockage; southbound buses not affected,,,,
67,"November 17, 2025 at 7:26 AM","November 17, 2025 at 9:06 AM",1:40,Reroute due to blockage; eastbound buses not affected,,,,
95,"November 17, 2025 at 7:28 AM","November 17, 2025 at 8:43 AM",1:15,Reroute due to blockage,,,,
6,"November 17, 2025 at 9:01 AM","November 18, 2025 at 1:55 AM",16:54,Reroute due to blockage,,,,
26,"November 17, 2025 at 9:01 AM","November 18, 2025 at 1:55 AM",16:54,Reroute due to blockage,,,,
71,"November 17, 2025 at 9:01 AM","November 18, 2025 at 1:55 AM",16:54,Reroute due to blockage,,,,
35,"November 17, 2025 at 9:13 AM","November 17, 2025 at 8:52 PM",11:39,Reroute due to blockage,,,,
39,"November 17, 2025 at 11:37 AM","November 17, 2025 at 2:27 PM",2:50,Reroute due to blockage; eastbound buses not affected,,,,
54,"November 18, 2025 at 7:29 AM","November 18, 2025 at 9:10 AM",1:41,Reroute due to fire department activity,,,,
126,"November 18, 2025 at 7:47 AM","November 18, 2025 at 9:14 AM",1:27,Reroute due to police activity,,,,
147,"November 18, 2025 at 7:54 AM","November 18, 2025 at 8:18 AM",0:24,Reroute due to blockage; northbound buses not affected,,,,
119,"November 18, 2025 at 8:34 AM","November 18, 2025 at 11:29 AM",2:55,Reroute due to blockage,,,,
54B,"November 18, 2025 at 9:19 AM","November 18, 2025 at 9:27 AM",0:08,Reroute due to blockage; southbound buses not affected,,,,
66,"November 18, 2025 at 9:24 AM","November 18, 2025 at 9:30 AM",0:06,Reroute due to blockage; eastbound buses not affected,,,,
112,"November 18, 2025 at 4:08 PM","November 18, 2025 at 4:58 PM",0:50,Reroute due to blockage,,,,
48,"November 18, 2025 at 4:27 PM","November 18, 2025 at 7:20 PM",2:53,Reroute due to blockage,,,,
147,"November 18, 2025 at 8:32 PM","November 18, 2025 at 8:46 PM",0:14,Reroute due to fire department activity,,,,
155,"November 18, 2025 at 8:32 PM","November 18, 2025 at 8:46 PM",0:14,Reroute due to fire department activity,,,,
79,"November 19, 2025 at 10:12 AM","November 19, 2025 at 5:43 PM",7:31,Reroute due to blockage,,,,
50,"November 19, 2025 at 10:15 AM","November 19, 2025 at 5:49 PM",7:34,Reroute due to blockage; eastbound buses not affected,,,,
55,"November 19, 2025 at 10:54 AM","November 19, 2025 at 5:46 PM",6:52,Reroute due to blockage; westbound buses not affected,,,,
86,"November 19, 2025 at 1:51 PM","November 19, 2025 at 2:25 PM",0:34,Reroute due to blockage; northbound buses not affected,,,,
20,"November 20, 2025 at 5:24 AM","November 20, 2025 at 8:28 AM",3:04,Reroute due to fire department activity,,,,
94,"November 20, 2025 at 5:49 AM","November 20, 2025 at 8:45 AM",2:56,Reroute due to blockage,,,,
51,"November 20, 2025 at 5:58 AM","November 20, 2025 at 8:48 AM",2:50,Reroute due to blockage,,,,
34,"November 20, 2025 at 8:25 AM","November 20, 2025 at 8:36 AM",0:11,Reroute due to blockage,,,,
91,"November 20, 2025 at 10:00 AM","November 20, 2025 at 4:13 PM",6:13,Reroute due to blockage; northbound buses not affected,,,,
84,"November 20, 2025 at 10:17 AM","November 20, 2025 at 1:48 PM",3:31,Reroute due to blockage; eastbound buses not affected,,,,
94,"November 20, 2025 at 5:59 PM","November 20, 2025 at 8:38 PM",2:39,Reroute due to blockage; southbound buses not affected,,,,
3,"November 21, 2025 at 11:39 AM","November 22, 2025 at 5:06 AM",17:27,Reroute due to blockage; southbound buses not affected,,,,
4,"November 21, 2025 at 11:39 AM","November 22, 2025 at 5:06 AM",17:27,Reroute due to blockage; southbound buses not affected,,,,
20,"November 21, 2025 at 5:14 PM","November 21, 2025 at 9:03 PM",3:49,Reroute due to police activity,,,,
9,"November 21, 2025 at 9:17 PM","November 22, 2025 at 8:22 AM",11:05,Reroute due to blockage; southbound buses not affected,,,,
X9,"November 21, 2025 at 9:17 PM","November 22, 2025 at 8:22 AM",11:05,Reroute due to blockage; southbound buses not affected,,,,
67,"November 22, 2025 at 9:45 AM","November 22, 2025 at 11:06 AM",1:21,Reroute due to blockage,,,,
6,"November 22, 2025 at 9:53 AM","November 22, 2025 at 11:33 AM",1:40,Reroute due to blockage,,,,
15,"November 22, 2025 at 9:53 AM","November 22, 2025 at 11:33 AM",1:40,Reroute due to blockage,,,,
28,"November 22, 2025 at 9:53 AM","November 22, 2025 at 11:33 AM",1:40,Reroute due to blockage,,,,
112,"November 22, 2025 at 4:42 PM","November 22, 2025 at 8:41 PM",3:59,Reroute due to blockage,,,,
49B,"November 23, 2025 at 6:20 AM","November 23, 2025 at 6:32 AM",0:12,Reroute due to police activity,,,,
6,"November 23, 2025 at 6:46 AM","November 23, 2025 at 12:08 PM",5:22,Reroute due to police activity; northbound buses not affected,,,,
J14,"November 23, 2025 at 6:46 AM","November 23, 2025 at 12:08 PM",5:22,Reroute due to police activity; northbound buses not affected,,,,
76,"November 23, 2025 at 8:34 AM","November 23, 2025 at 12:10 PM",3:36,Reroute due to blockage; westbound buses not affected,,,,
29,"November 23, 2025 at 11:01 AM","November 23, 2025 at 2:54 PM",3:53,Reroute due to blockage; southbound buses not affected,,,,
63,"November 23, 2025 at 2:53 PM","November 23, 2025 at 5:37 PM",2:44,Reroute due to blockage; westbound buses not affected,,,,
119,"November 23, 2025 at 8:32 PM","November 23, 2025 at 10:04 PM",1:32,Reroute due to blockage,,,,
12,"November 23, 2025 at 10:02 PM","November 24, 2025 at 1:09 AM",3:07,Reroute due to police activity,,,,
9,"November 23, 2025 at 10:51 PM","November 23, 2025 at 10:56 PM",0:05,Reroute due to blockage; southbound buses not affected,,,,
43,"November 24, 2025 at 6:43 AM","November 24, 2025 at 8:16 PM",13:33,Reroute due to blockage; westbound buses not affected,,,,
24,"November 24, 2025 at 6:46 AM","November 24, 2025 at 8:14 PM",13:28,Reroute due to blockage; southbound buses not affected,,,,
92,"November 24, 2025 at 8:08 AM","November 24, 2025 at 8:12 PM",12:04,Reroute due to blockage; eastbound buses not affected,,,,
75,"November 24, 2025 at 12:42 PM","November 24, 2025 at 1:11 PM",0:29,Reroute due to blockage; eastbound buses not affected,,,,
43,"November 25, 2025 at 5:26 AM","November 25, 2025 at 7:01 PM",13:35,Reroute due to blockage; westbound buses not affected,,,,
24,"November 25, 2025 at 5:37 AM","November 25, 2025 at 7:03 PM",13:26,Reroute due to blockage; southbound buses not affected,,,,
108,"November 25, 2025 at 8:20 AM","November 25, 2025 at 12:53 PM",4:33,Reroute due to blockage,,,,
112,"November 25, 2025 at 8:20 AM","November 25, 2025 at 12:53 PM",4:33,Reroute due to blockage,,,,
95,"November 25, 2025 at 8:24 AM","November 25, 2025 at 9:16 AM",0:52,Reroute due to blockage,,,,
8,"November 25, 2025 at 11:15 AM","November 25, 2025 at 6:52 PM",7:37,Reroute due to blockage; northbound buses not affected,,,,
73,"November 25, 2025 at 12:49 PM","November 25, 2025 at 3:05 PM",2:16,Reroute due to blockage; eastbound buses not affected,,,,
8,"November 25, 2025 at 10:54 PM","November 26, 2025 at 4:51 AM",5:57,Reroute due to blockage,,,,
97,"November 26, 2025 at 5:48 AM","November 26, 2025 at 6:25 AM",0:37,Reroute due to blockage,,,,
29,"November 26, 2025 at 8:56 PM","November 27, 2025 at 1:59 AM",5:03,Reroute due to blockage,,,,
85,"November 26, 2025 at 10:29 PM","November 27, 2025 at 4:07 AM",5:38,Reroute due to police activity,,,,
126,"November 26, 2025 at 10:47 PM","November 27, 2025 at 12:20 AM",1:33,Reroute due to police activity,,,,
54,"November 26, 2025 at 10:50 PM","November 27, 2025 at 12:21 AM",1:31,Reroute due to police activity,,,,
49,"November 27, 2025 at 9:19 AM","November 28, 2025 at 12:07 PM",26:48,Reroute due to police activity; northbound buses not affected,,,,
91,"November 27, 2025 at 12:23 PM","November 27, 2025 at 4:56 PM",4:33,Reroute due to fire department activity; southbound buses not affected,,,,
21,"November 27, 2025 at 1:02 PM","November 27, 2025 at 6:42 PM",5:40,Reroute due to police activity,,,,
8,"November 27, 2025 at 3:23 PM","November 27, 2025 at 6:24 PM",3:01,Reroute due to fire department activity,,,,
8,"November 27, 2025 at 6:51 PM","November 27, 2025 at 10:09 PM",3:18,Reroute due to fire department activity,,,,
79,"November 27, 2025 at 10:14 PM","November 28, 2025 at 2:02 AM",3:48,Reroute due to blockage,,,,
59,"November 28, 2025 at 9:00 AM","November 28, 2025 at 3:16 PM",6:16,Reroute due to fire department activity,,,,
97,"November 28, 2025 at 4:47 PM","November 28, 2025 at 11:11 PM",6:24,Reroute due to blockage,,,,
47,"November 28, 2025 at 8:28 PM","November 29, 2025 at 2:08 AM",5:40,Reroute due to blockage,,,,
79,"November 28, 2025 at 10:23 PM","November 29, 2025 at 12:25 AM",2:02,Reroute due to blockage; westbound buses not affected,,,,
63,"November 28, 2025 at 10:46 PM","November 29, 2025 at 1:26 AM",2:40,Reroute due to blockage,,,,
103,"November 30, 2025 at 7:13 AM","November 30, 2025 at 7:51 PM",12:38,Reroute due to blockage,,,,
3,"November 30, 2025 at 8:42 AM","November 30, 2025 at 9:52 AM",1:10,Reroute due to fire department activity,,,,
84,"November 30, 2025 at 12:45 PM","November 30, 2025 at 5:49 PM",5:04,Reroute due to police activity; eastbound buses not affected,,,,
94,"November 30, 2025 at 7:49 PM","November 30, 2025 at 9:04 PM",1:15,Reroute due to blockage; southbound buses not affected,,,,
56,"December 1, 2025 at 7:30 AM","December 1, 2025 at 7:50 AM",0:20,Reroute due to fire department activity,,,,
9,"December 1, 2025 at 3:30 PM","December 1, 2025 at 6:07 PM",2:37,Reroute due to blockage; northbound buses not affected,,,,
X9,"December 1, 2025 at 3:30 PM","December 1, 2025 at 6:07 PM",2:37,Reroute due to blockage; northbound buses not affected,,,,
47,"December 1, 2025 at 9:18 PM","December 1, 2025 at 10:26 PM",1:08,Reroute due to police activity,,,,
44,"December 2, 2025 at 8:37 AM","December 2, 2025 at 11:45 PM",15:08,Reroute due to blockage,,,,
50,"December 2, 2025 at 12:26 PM","December 2, 2025 at 11:26 PM",11:00,Reroute due to blockage; southbound buses not affected,,,,
9,"December 2, 2025 at 12:52 PM","December 2, 2025 at 8:42 PM",7:50,Reroute due to blockage; northbound buses not affected,,,,
X9,"December 2, 2025 at 12:52 PM","December 2, 2025 at 8:42 PM",7:50,Reroute due to blockage; northbound buses not affected,,,,
47,"December 2, 2025 at 7:35 PM","December 2, 2025 at 11:27 PM",3:52,Reroute due to blockage,,,,
49,"December 3, 2025 at 11:13 AM","December 3, 2025 at 8:05 PM",8:52,Reroute due to blockage; northbound buses not affected,,,,
X49,"December 3, 2025 at 11:13 AM","December 3, 2025 at 8:05 PM",8:52,Reroute due to blockage; northbound buses not affected,,,,
94,"December 4, 2025 at 1:26 AM","December 4, 2025 at 6:00 PM",16:34,Reroute due to blockage,,,,
72,"December 5, 2025 at 12:49 AM","December 5, 2025 at 4:42 AM",3:53,Reroute due to fire department activity,,,,
3,"December 5, 2025 at 6:42 AM","December 5, 2025 at 7:24 AM",0:42,Reroute due to blockage,,,,
36,"December 5, 2025 at 11:14 AM","December 5, 2025 at 10:50 PM",11:36,Reroute due to blockage,,,,
52,"December 6, 2025 at 12:16 PM","December 6, 2025 at 6:18 PM",6:02,Reroute due to fire department activity,,,,
2,"December 7, 2025 at 8:57 AM","December 7, 2025 at 9:46 AM",0:49,Reroute due to severe weather conditions,,,,
6,"December 7, 2025 at 8:57 AM","December 7, 2025 at 9:46 AM",0:49,Reroute due to severe weather conditions,,,,
8,"December 7, 2025 at 8:57 AM","December 7, 2025 at 9:46 AM",0:49,Reroute due to severe weather conditions,,,,
J14,"December 7, 2025 at 8:57 AM","December 7, 2025 at 9:46 AM",0:49,Reroute due to severe weather conditions,,,,
26,"December 7, 2025 at 8:57 AM","December 7, 2025 at 9:46 AM",0:49,Reroute due to severe weather conditions,,,,
134,"December 7, 2025 at 8:57 AM","December 7, 2025 at 9:46 AM",0:49,Reroute due to severe weather conditions,,,,
135,"December 7, 2025 at 8:57 AM","December 7, 2025 at 9:46 AM",0:49,Reroute due to severe weather conditions,,,,
136,"December 7, 2025 at 8:57 AM","December 7, 2025 at 9:46 AM",0:49,Reroute due to severe weather conditions,,,,
143,"December 7, 2025 at 8:57 AM","December 7, 2025 at 9:46 AM",0:49,Reroute due to severe weather conditions,,,,
146,"December 7, 2025 at 8:57 AM","December 7, 2025 at 9:46 AM",0:49,Reroute due to severe weather conditions,,,,
147,"December 7, 2025 at 8:57 AM","December 7, 2025 at 9:46 AM",0:49,Reroute due to severe weather conditions,,,,
148,"December 7, 2025 at 8:57 AM","December 7, 2025 at 9:46 AM",0:49,Reroute due to severe weather conditions,,,,
151,"December 7, 2025 at 8:57 AM","December 7, 2025 at 9:46 AM",0:49,Reroute due to severe weather conditions,,,,
156,"December 7, 2025 at 8:57 AM","December 7, 2025 at 9:46 AM",0:49,Reroute due to severe weather conditions,,,,
192,"December 7, 2025 at 8:57 AM","December 7, 2025 at 9:46 AM",0:49,Reroute due to severe weather conditions,,,,
87,"December 8, 2025 at 1:49 AM","December 8, 2025 at 4:40 AM",2:51,Reroute due to blockage; westbound buses not affected,,,,
76,"December 8, 2025 at 4:47 AM","December 8, 2025 at 1:03 PM",8:16,Reroute due to police activity,,,,
81,"December 8, 2025 at 9:22 AM","December 8, 2025 at 10:31 PM",13:09,Reroute due to blockage; eastbound buses not affected,,,,
36,"December 8, 2025 at 11:22 AM","December 8, 2025 at 1:02 PM",1:40,Reroute due to fire department activity; southbound buses not affected,,,,
8A,"December 8, 2025 at 10:46 PM","December 9, 2025 at 4:42 AM",5:56,Reroute due to police activity; southbound buses not affected,,,,
112,"December 9, 2025 at 7:48 AM","December 9, 2025 at 6:09 PM",10:21,Reroute due to blockage,,,,
82,"December 9, 2025 at 9:01 AM","December 9, 2025 at 3:28 PM",6:27,Reroute due to blockage; northbound buses not affected,,,,
47,"December 9, 2025 at 11:25 AM","December 9, 2025 at 12:19 PM",0:54,Reroute due to blockage,,,,
39,"December 9, 2025 at 6:07 PM","December 9, 2025 at 6:31 PM",0:24,Reroute due to fire department activity,,,,
75,"December 9, 2025 at 8:12 PM","December 9, 2025 at 11:14 PM",3:02,Reroute due to blockage; westbound buses not affected,,,,
78,"December 9, 2025 at 9:12 PM","December 10, 2025 at 12:18 AM",3:06,Reroute due to blockage; eastbound buses not affected,,,,
26,"December 9, 2025 at 11:08 PM","December 9, 2025 at 11:45 PM",0:37,Reroute due to blockage; northbound buses not affected,,,,
34,"December 10, 2025 at 7:33 AM","December 10, 2025 at 8:30 AM",0:57,Reroute due to blockage,,,,
119,"December 10, 2025 at 7:33 AM","December 10, 2025 at 8:30 AM",0:57,Reroute due to blockage,,,,
8,"December 10, 2025 at 9:30 AM","December 10, 2025 at 9:49 AM",0:19,Reroute due to blockage,,,,
151,"December 10, 2025 at 9:32 AM","December 10, 2025 at 11:47 AM",2:15,Reroute due to blockage; southbound buses not affected,,,,
36,"December 10, 2025 at 3:52 PM","December 10, 2025 at 8:49 PM",4:57,Reroute due to blockage; northbound buses not affected,,,,
6,"December 11, 2025 at 5:49 AM","December 11, 2025 at 10:41 AM",4:52,Reroute due to blockage; southbound buses not affected,,,,
15,"December 11, 2025 at 5:49 AM","December 11, 2025 at 12:23 PM",6:34,Reroute due to blockage; southbound buses not affected,,,,
28,"December 11, 2025 at 5:49 AM","December 11, 2025 at 12:23 PM",6:34,Reroute due to blockage; southbound buses not affected,,,,
20,"December 11, 2025 at 9:17 AM","December 11, 2025 at 10:41 AM",1:24,Reroute due to construction; southbound buses not affected,,,,
95,"December 11, 2025 at 9:37 AM","December 12, 2025 at 4:35 PM",30:58,Reroute due to blockage,,,,
54B,"December 11, 2025 at 6:04 PM","December 11, 2025 at 11:06 PM",5:02,Reroute due to blockage; northbound buses not affected,,,,
53,"December 11, 2025 at 7:35 PM","December 11, 2025 at 9:01 PM",1:26,Reroute due to blockage,,,,
147,"December 12, 2025 at 7:51 AM","December 12, 2025 at 12:16 PM",4:25,Reroute due to police activity,,,,
155,"December 12, 2025 at 8:35 AM","December 12, 2025 at 12:16 PM",3:41,Reroute due to police activity; eastbound buses not affected,,,,
91,"December 12, 2025 at 8:55 AM","December 12, 2025 at 4:39 PM",7:44,Reroute due to construction; northbound buses not affected,,,,
44,"December 12, 2025 at 8:58 AM","December 12, 2025 at 4:41 PM",7:43,Reroute due to construction; southbound buses not affected,,,,
95,"December 12, 2025 at 2:30 PM","December 12, 2025 at 4:35 PM",2:05,Reroute due to blockage,,,,
44,"December 12, 2025 at 5:40 PM","December 13, 2025 at 1:18 AM",7:38,Reroute due to blockage; northbound buses not affected,,,,
29,"December 12, 2025 at 7:33 PM","December 12, 2025 at 8:12 PM",0:39,Reroute due to police activity; northbound buses not affected,,,,
28,"December 12, 2025 at 8:06 PM","December 12, 2025 at 8:50 PM",0:44,Reroute due to police activity,,,,
50,"December 12, 2025 at 10:46 PM","December 12, 2025 at 11:21 PM",0:35,Reroute due to blockage,,,,
60,"December 15, 2025 at 12:38 AM","December 15, 2025 at 5:10 AM",4:32,Reroute due to blockage,,,,
94,"December 15, 2025 at 8:43 AM","December 16, 2025 at 8:59 AM",24:16,Reroute due to blockage,,,,
91,"December 15, 2025 at 8:48 AM","December 15, 2025 at 4:43 PM",7:55,Reroute due to construction; northbound buses not affected,,,,
76,"December 15, 2025 at 5:58 PM","December 15, 2025 at 10:12 PM",4:14,Reroute due to blockage,,,,
21,"December 15, 2025 at 7:30 PM","December 15, 2025 at 11:55 PM",4:25,Reroute due to blockage; westbound buses not affected,,,,
4,"December 15, 2025 at 9:27 PM","December 15, 2025 at 10:13 PM",0:46,Reroute due to blockage; southbound buses not affected,,,,
34,"December 16, 2025 at 7:25 AM","December 16, 2025 at 8:58 AM",1:33,Reroute due to blockage,,,,
91,"December 16, 2025 at 9:08 AM","December 16, 2025 at 9:20 AM",0:12,Reroute due to blockage; northbound buses not affected,,,,
91,"December 16, 2025 at 11:43 AM","December 16, 2025 at 3:20 PM",3:37,Reroute due to construction,,,,
8A,"December 16, 2025 at 5:49 PM","December 16, 2025 at 7:15 PM",1:26,Reroute due to blockage; southbound buses not affected,,,,
8,"December 16, 2025 at 8:42 PM","December 17, 2025 at 8:25 AM",11:43,Reroute due to police activity,,,,
63,"December 17, 2025 at 8:52 AM","December 17, 2025 at 9:22 AM",0:30,Reroute due to blockage; eastbound buses not affected,,,,
91,"December 17, 2025 at 9:34 AM","December 17, 2025 at 8:02 PM",10:28,Reroute due to construction,,,,
63,"December 17, 2025 at 4:41 PM","December 17, 2025 at 5:14 PM",0:33,Reroute due to fire department activity,,,,
60,"December 17, 2025 at 7:36 PM","December 17, 2025 at 8:00 PM",0:24,Reroute due to blockage,,,,
108,"December 18, 2025 at 5:59 AM","December 18, 2025 at 6:00 AM",0:01,Reroute due to blockage,,,,
112,"December 18, 2025 at 5:59 AM","December 18, 2025 at 6:00 AM",0:01,Reroute due to blockage,,,,
95,"December 18, 2025 at 5:59 AM","December 18, 2025 at 6:00 AM",0:01,Reroute due to blockage,,,,
68,"December 18, 2025 at 6:28 AM","December 18, 2025 at 7:29 AM",1:01,Reroute due to blockage,,,,
85,"December 18, 2025 at 6:28 AM","December 18, 2025 at 7:29 AM",1:01,Reroute due to blockage,,,,
85A,"December 18, 2025 at 6:28 AM","December 18, 2025 at 7:29 AM",1:01,Reroute due to blockage,,,,
92,"December 18, 2025 at 6:28 AM","December 18, 2025 at 7:29 AM",1:01,Reroute due to blockage,,,,
53,"December 19, 2025 at 7:06 AM","December 19, 2025 at 7:09 AM",0:03,Reroute due to blockage,,,,
75,"December 19, 2025 at 11:46 AM","December 19, 2025 at 12:54 PM",1:08,Reroute due to blockage; eastbound buses not affected,,,,
103,"December 20, 2025 at 7:09 AM","December 20, 2025 at 5:10 PM",10:01,Reroute due to blockage,,,,
J14,"December 20, 2025 at 8:55 AM","December 20, 2025 at 1:08 PM",4:13,Reroute due to police activity,,,,
15,"December 20, 2025 at 8:55 AM","December 20, 2025 at 1:08 PM",4:13,Reroute due to police activity,,,,
106,"December 20, 2025 at 9:04 AM","December 20, 2025 at 5:07 PM",8:03,Reroute due to police activity,,,,
151,"December 20, 2025 at 11:32 AM","December 20, 2025 at 11:48 AM",0:16,Reroute due to police activity; northbound buses not affected,,,,
126,"December 20, 2025 at 11:35 AM","December 20, 2025 at 11:50 AM",0:15,Reroute due to police activity; eastbound buses not affected,,,,
126,"December 20, 2025 at 5:48 PM","December 20, 2025 at 6:02 PM",0:14,Reroute due to blockage; westbound buses not affected,,,,
79,"December 21, 2025 at 5:13 AM","December 21, 2025 at 8:44 AM",3:31,Reroute due to blockage; westbound buses not affected,,,,
111,"December 21, 2025 at 6:19 AM","December 21, 2025 at 8:19 AM",2:00,Reroute due to blockage; northbound buses not affected,,,,
115,"December 21, 2025 at 6:19 AM","December 21, 2025 at 8:19 AM",2:00,Reroute due to blockage; northbound buses not affected,,,,
80,"December 21, 2025 at 6:29 AM","December 21, 2025 at 7:37 AM",1:08,Reroute due to blockage; eastbound buses not affected,,,,
152,"December 21, 2025 at 7:44 AM","December 21, 2025 at 8:26 PM",12:42,Reroute due to blockage,,,,
J14,"December 21, 2025 at 8:18 PM","December 21, 2025 at 8:31 PM",0:13,Reroute due to blockage,,,,
15,"December 21, 2025 at 8:18 PM","December 21, 2025 at 8:31 PM",0:13,Reroute due to blockage,,,,
112,"December 22, 2025 at 5:58 AM","December 22, 2025 at 5:50 PM",11:52,Reroute due to blockage,,,,
J14,"December 22, 2025 at 8:44 AM","December 29, 2025 at 5:40 PM",176:56,Reroute due to blockage,,,,
15,"December 22, 2025 at 8:48 AM","December 29, 2025 at 5:43 PM",176:55,Reroute due to blockage,,,,
50,"December 23, 2025 at 11:49 AM","December 23, 2025 at 12:32 PM",0:43,Reroute due to blockage; southbound buses not affected,,,,
53,"December 23, 2025 at 12:52 PM","December 23, 2025 at 12:54 PM",0:02,Reroute due to blockage; southbound buses not affected,,,,
74,"December 23, 2025 at 7:14 PM","December 23, 2025 at 9:01 PM",1:47,Reroute due to blockage; westbound buses not affected,,,,
50,"December 24, 2025 at 8:35 AM","December 24, 2025 at 1:36 PM",5:01,Reroute due to blockage; southbound buses not affected,,,,
70,"December 25, 2025 at 9:04 AM","December 25, 2025 at 11:20 AM",2:16,Reroute due to fire department activity,,,,
112,"December 25, 2025 at 2:36 PM","December 25, 2025 at 10:47 PM",8:11,Reroute due to blockage,,,,
79,"December 26, 2025 at 12:13 AM","December 26, 2025 at 3:31 AM",3:18,Reroute due to blockage,,,,
63,"December 26, 2025 at 5:24 AM","December 26, 2025 at 7:57 PM",14:33,Reroute due to police activity,,,,
112,"December 26, 2025 at 5:47 AM","December 26, 2025 at 11:39 PM",17:52,Reroute due to blockage; westbound buses not affected,,,,
77,"December 26, 2025 at 8:42 AM","December 26, 2025 at 9:58 AM",1:16,Reroute due to blockage,,,,
15,"December 26, 2025 at 3:23 PM","December 26, 2025 at 7:33 PM",4:10,Reroute due to blockage,,,,
34,"December 27, 2025 at 3:21 AM","December 27, 2025 at 7:30 PM",16:09,Reroute due to blockage; southbound buses not affected,,,,
151,"December 27, 2025 at 4:39 AM","December 27, 2025 at 1:07 PM",8:28,Reroute due to blockage,,,,
67,"December 27, 2025 at 4:25 PM","December 27, 2025 at 7:28 PM",3:03,Reroute due to police activity,,,,
35,"December 27, 2025 at 6:06 PM","December 27, 2025 at 9:09 PM",3:03,Reroute due to blockage,,,,
53,"December 28, 2025 at 12:42 PM","December 28, 2025 at 7:14 PM",6:32,Reroute due to blockage,,,,
35,"December 28, 2025 at 2:07 PM","December 28, 2025 at 9:24 PM",7:17,Reroute due to blockage,,,,
52,"December 28, 2025 at 2:09 PM","December 28, 2025 at 9:23 PM",7:14,Reroute due to blockage,,,,
44,"December 28, 2025 at 5:01 PM","December 28, 2025 at 8:19 PM",3:18,Reroute due to blockage,,,,
63,"December 28, 2025 at 7:18 PM","December 28, 2025 at 8:24 PM",1:06,Reroute due to blockage,,,,
112,"December 29, 2025 at 5:59 AM","December 29, 2025 at 7:32 AM",1:33,Reroute due to blockage,,,,
75,"December 29, 2025 at 8:52 AM","December 31, 2025 at 7:18 AM",46:26,Reroute due to blockage; eastbound buses not affected,,,,
68,"December 29, 2025 at 11:09 AM","December 29, 2025 at 8:36 PM",9:27,Reroute due to blockage; eastbound buses not affected,,,,
8,"December 29, 2025 at 3:43 PM","December 29, 2025 at 7:12 PM",3:29,Reroute due to blockage,,,,
12,"December 29, 2025 at 5:18 PM","December 29, 2025 at 5:30 PM",0:12,Reroute due to blockage,,,,
9,"December 30, 2025 at 12:39 PM","December 30, 2025 at 12:52 PM",0:13,Reroute due to police activity; southbound buses not affected,,,,
12,"December 30, 2025 at 1:44 PM","December 30, 2025 at 4:45 PM",3:01,Reroute due to blockage; westbound buses not affected,,,,
9,"December 30, 2025 at 1:46 PM","December 30, 2025 at 4:47 PM",3:01,Reroute due to blockage; southbound buses not affected,,,,
7,"December 31, 2025 at 7:14 AM","December 31, 2025 at 12:29 PM",5:15,Reroute due to blockage; westbound buses not affected,,,,
28,"December 31, 2025 at 7:14 AM","December 31, 2025 at 12:29 PM",5:15,Reroute due to blockage; westbound buses not affected,,,,
126,"December 31, 2025 at 7:14 AM","December 31, 2025 at 12:29 PM",5:15,Reroute due to blockage; westbound buses not affected,,,,
1,"December 31, 2025 at 7:14 AM","December 31, 2025 at 12:29 PM",5:15,Reroute due to blockage; westbound buses not affected,,,,
155,"December 31, 2025 at 2:54 PM","December 31, 2025 at 3:28 PM",0:34,Reroute due to blockage,,,,
95,"December 31, 2025 at 9:04 PM","January 1, 2026 at 6:01 PM",20:57,Reroute due to blockage,,,,
103,"January 1, 2026 at 5:51 AM","January 1, 2026 at 12:13 PM",6:22,Reroute due to police activity,,,,
82,"January 1, 2026 at 6:18 AM","January 1, 2026 at 6:28 AM",0:10,Reroute due to blockage,,,,
75,"January 1, 2026 at 10:14 AM","January 3, 2026 at 4:53 AM",42:39,Reroute due to blockage; eastbound buses not affected,,,,
53,"January 1, 2026 at 1:14 PM","January 1, 2026 at 1:48 PM",0:34,Reroute due to fire department activity,,,,
115,"January 1, 2026 at 4:27 PM","January 1, 2026 at 7:06 PM",2:39,Reroute due to blockage,,,,
66,"January 1, 2026 at 5:23 PM","January 1, 2026 at 9:01 PM",3:38,Reroute due to blockage,,,,
54A,"January 2, 2026 at 5:46 AM","January 3, 2026 at 4:49 AM",23:03,Reroute due to blockage; southbound buses not affected,,,,
152,"January 2, 2026 at 5:52 AM","January 2, 2026 at 9:42 AM",3:50,Reroute due to blockage; southbound buses not affected,,,,
75,"January 3, 2026 at 6:28 AM","January 4, 2026 at 11:57 AM",29:29,Reroute due to blockage; eastbound buses not affected,,,,
79,"January 4, 2026 at 7:38 PM","January 4, 2026 at 8:54 PM",1:16,Reroute due to blockage,,,,
120,"January 5, 2026 at 6:33 PM","January 5, 2026 at 7:40 PM",1:07,Reroute due to blockage; northbound buses not affected,,,,
121,"January 5, 2026 at 6:35 PM","January 5, 2026 at 7:40 PM",1:05,Reroute due to blockage; northbound buses not affected,,,,
96,"January 6, 2026 at 9:39 AM","January 6, 2026 at 3:09 PM",5:30,Reroute due to blockage,,,,
47,"January 6, 2026 at 4:57 PM","January 7, 2026 at 5:00 PM",24:03,Reroute due to blockage,,,,
48,"January 6, 2026 at 5:49 PM","January 6, 2026 at 7:44 PM",1:55,Reroute due to blockage,,,,
86,"January 6, 2026 at 7:50 PM","January 7, 2026 at 4:47 AM",8:57,Reroute due to blockage; northbound buses not affected,,,,
47,"January 7, 2026 at 6:43 AM","January 7, 2026 at 1:02 PM",6:19,Reroute due to blockage; westbound buses not affected,,,,
92,"January 7, 2026 at 8:28 AM","January 7, 2026 at 11:08 AM",2:40,Reroute due to blockage; westbound buses not affected,,,,
146,"January 7, 2026 at 8:33 AM","January 7, 2026 at 11:10 AM",2:37,Reroute due to blockage; northbound buses not affected,,,,
8,"January 7, 2026 at 9:18 AM","January 7, 2026 at 11:32 AM",2:14,Reroute due to blockage; southbound buses not affected,,,,
35,"January 7, 2026 at 10:01 AM","January 7, 2026 at 4:58 PM",6:57,Reroute due to blockage; eastbound buses not affected,,,,
9,"January 7, 2026 at 11:39 AM","January 7, 2026 at 12:56 PM",1:17,Reroute due to fire department activity,,,,
28,"January 7, 2026 at 11:45 AM","January 7, 2026 at 4:40 PM",4:55,Reroute due to blockage; northbound buses not affected,,,,
66,"January 7, 2026 at 6:08 PM","January 7, 2026 at 8:35 PM",2:27,Reroute due to blockage; eastbound buses not affected,,,,
90,"January 7, 2026 at 8:11 PM","January 7, 2026 at 8:34 PM",0:23,Reroute due to blockage; southbound buses not affected,,,,
47,"January 7, 2026 at 8:27 PM","January 7, 2026 at 9:06 PM",0:39,Reroute due to blockage; eastbound buses not affected,,,,
54B,"January 7, 2026 at 8:29 PM","January 7, 2026 at 9:07 PM",0:38,Reroute due to blockage; northbound buses not affected,,,,
63W,"January 7, 2026 at 8:31 PM","January 7, 2026 at 9:07 PM",0:36,Reroute due to blockage; eastbound buses not affected,,,,
55,"January 7, 2026 at 8:32 PM","January 7, 2026 at 9:09 PM",0:37,Reroute due to blockage; eastbound buses not affected,,,,
60,"January 7, 2026 at 8:48 PM","January 7, 2026 at 9:14 PM",0:26,Reroute due to blockage,,,,
12,"January 7, 2026 at 10:41 PM","January 8, 2026 at 3:30 AM",4:49,Reroute due to bridge lift,,,,
18,"January 7, 2026 at 10:41 PM","January 8, 2026 at 3:30 AM",4:49,Reroute due to bridge lift,,,,
62,"January 8, 2026 at 12:18 AM","January 8, 2026 at 3:31 AM",3:13,Reroute due to bridge lift,,,,
34,"January 8, 2026 at 6:00 AM","January 8, 2026 at 6:22 AM",0:22,Reroute due to blockage,,,,
119,"January 8, 2026 at 6:00 AM","January 8, 2026 at 6:22 AM",0:22,Reroute due to blockage,,,,
39,"January 8, 2026 at 9:59 AM","January 8, 2026 at 11:05 AM",1:06,Reroute due to blockage,,,,
82,"January 8, 2026 at 5:52 PM","January 9, 2026 at 9:05 AM",15:13,Reroute due to blockage,,,,
78,"January 8, 2026 at 8:57 PM","January 9, 2026 at 9:07 AM",12:10,Reroute due to blockage,,,,
49,"January 8, 2026 at 10:34 PM","January 9, 2026 at 9:12 AM",10:38,Reroute due to blockage,,,,
79,"January 8, 2026 at 11:52 PM","January 9, 2026 at 4:30 AM",4:38,Reroute due to flooding; eastbound buses not affected,,,,
47,"January 9, 2026 at 12:13 AM","January 9, 2026 at 9:07 PM",20:54,Reroute due to flooding,,,,
60,"January 9, 2026 at 12:35 AM","January 9, 2026 at 9:53 AM",9:18,Reroute due to flooding; eastbound buses not affected,,,,
39,"January 9, 2026 at 12:46 AM","January 9, 2026 at 4:43 AM",3:57,Reroute due to flooding,,,,
53,"January 9, 2026 at 3:36 AM","January 9, 2026 at 9:07 PM",17:31,Reroute due to flooding,,,,
18,"January 9, 2026 at 5:06 AM","January 9, 2026 at 9:10 AM",4:04,Reroute due to flooding,,,,
52A,"January 9, 2026 at 7:00 AM","January 9, 2026 at 4:43 PM",9:43,Reroute due to flooding,,,,
67,"January 9, 2026 at 7:27 AM","January 9, 2026 at 9:05 PM",13:38,Reroute due to flooding,,,,
75,"January 9, 2026 at 7:37 AM","January 9, 2026 at 9:09 AM",1:32,Reroute due to flooding,,,,
8,"January 9, 2026 at 7:49 AM","January 9, 2026 at 9:51 AM",2:02,Reroute due to flooding,,,,
7,"January 9, 2026 at 8:33 AM","January 9, 2026 at 9:06 PM",12:33,Reroute due to flooding,,,,
59,"January 9, 2026 at 8:51 AM","January 9, 2026 at 4:31 PM",7:40,Reroute due to flooding,,,,
75,"January 9, 2026 at 10:00 AM","January 9, 2026 at 11:48 AM",1:48,Reroute due to Hazmat,,,,
151,"January 9, 2026 at 4:23 PM","January 12, 2026 at 8:46 PM",76:23,Reroute due to blockage; southbound buses not affected,,,,
52,"January 9, 2026 at 8:14 PM","January 10, 2026 at 4:51 AM",8:37,Reroute due to police activity,,,,
47,"January 11, 2026 at 4:28 PM","January 11, 2026 at 7:37 PM",3:09,Reroute due to blockage; westbound buses not affected,,,,
119,"January 12, 2026 at 3:28 PM","January 12, 2026 at 4:01 PM",0:33,Reroute due to blockage,,,,
6,"January 12, 2026 at 3:56 PM","January 12, 2026 at 7:17 PM",3:21,Reroute due to blockage,,,,
26,"January 12, 2026 at 3:56 PM","January 12, 2026 at 7:17 PM",3:21,Reroute due to blockage,,,,
71,"January 12, 2026 at 3:57 PM","January 12, 2026 at 7:18 PM",3:21,Reroute due to blockage,,,,
55,"January 12, 2026 at 9:03 PM","January 12, 2026 at 10:24 PM",1:21,Reroute due to blockage; westbound buses not affected,,,,
119,"January 13, 2026 at 12:40 AM","January 13, 2026 at 2:40 AM",2:00,Reroute due to fire department activity,,,,
152,"January 13, 2026 at 7:01 AM","January 13, 2026 at 8:00 AM",0:59,Reroute due to blockage; eastbound buses not affected,,,,
21,"January 13, 2026 at 7:57 AM","January 13, 2026 at 8:10 AM",0:13,Reroute due to blockage; eastbound buses not affected,,,,
37,"January 13, 2026 at 9:50 AM",,-1104849:50,Reroute due to blockage,,,,
26,"January 13, 2026 at 10:28 AM","January 13, 2026 at 2:57 PM",4:29,Reroute due to blockage,,,,
82,"January 13, 2026 at 10:34 AM","January 13, 2026 at 1:09 PM",2:35,Reroute due to police activity,,,,
52,"January 13, 2026 at 1:35 PM","January 13, 2026 at 1:43 PM",0:08,Reroute due to blockage; northbound buses not affected,,,,
52,"January 13, 2026 at 1:35 PM","January 13, 2026 at 1:43 PM",0:08,Reroute due to blockage; northbound buses not affected,,,,